{
    "train_loss": 0.3810885548591614,
    "train_acc": 0.8492254018783569,
    "train_prec": 0.7920021414756775,
    "train_recall": 0.7422270178794861,
    "train_auc": 0.8993193507194519,
    "val_loss": 0.3956483006477356,
    "val_acc": 0.8419483304023743,
    "val_prec": 0.8012070655822754,
    "val_recall": 0.7014530897140503,
    "val_auc": 0.8919358253479004
}