{
    "train_loss": 0.3825291395187378,
    "train_acc": 0.8517107367515564,
    "train_prec": 0.7937999367713928,
    "train_recall": 0.7494403719902039,
    "train_auc": 0.8998466730117798,
    "val_loss": 0.37973710894584656,
    "val_acc": 0.8494588136672974,
    "val_prec": 0.7974276542663574,
    "val_recall": 0.7371202111244202,
    "val_auc": 0.9020291566848755
}