{
    "train_loss": 0.38466018438339233,
    "train_acc": 0.8498329520225525,
    "train_prec": 0.7940680384635925,
    "train_recall": 0.7413979172706604,
    "train_auc": 0.898449182510376,
    "val_loss": 0.3776495158672333,
    "val_acc": 0.8564170598983765,
    "val_prec": 0.8012552261352539,
    "val_recall": 0.7589167952537537,
    "val_auc": 0.9046506881713867
}