{
    "train_loss": 0.38126876950263977,
    "train_acc": 0.8517935276031494,
    "train_prec": 0.7924165725708008,
    "train_recall": 0.7520105838775635,
    "train_auc": 0.8982194066047668,
    "val_loss": 0.38130319118499756,
    "val_acc": 0.8526617884635925,
    "val_prec": 0.7976107001304626,
    "val_recall": 0.7496697306632996,
    "val_auc": 0.8996901512145996
}