{
    "train_loss": 0.38817617297172546,
    "train_acc": 0.8476237654685974,
    "train_prec": 0.7916555404663086,
    "train_recall": 0.7362573742866516,
    "train_auc": 0.8952803611755371,
    "val_loss": 0.394635409116745,
    "val_acc": 0.8441572785377502,
    "val_prec": 0.7841827869415283,
    "val_recall": 0.7367899417877197,
    "val_auc": 0.8952980041503906
}