{
    "train_loss": 0.3869834840297699,
    "train_acc": 0.8494186997413635,
    "train_prec": 0.7940024733543396,
    "train_recall": 0.7398225665092468,
    "train_auc": 0.8960224390029907,
    "val_loss": 0.38510066270828247,
    "val_acc": 0.8501214981079102,
    "val_prec": 0.7982863187789917,
    "val_recall": 0.7384412288665771,
    "val_auc": 0.8969454765319824
}