{
    "train_loss": 0.373065710067749,
    "train_acc": 0.8518646359443665,
    "train_prec": 0.7961873412132263,
    "train_recall": 0.7462482452392578,
    "train_auc": 0.9017265439033508,
    "val_loss": 0.37559548020362854,
    "val_acc": 0.8522670865058899,
    "val_prec": 0.7979905009269714,
    "val_recall": 0.7475231289863586,
    "val_auc": 0.9004884958267212
}