{
    "train_loss": 0.37904152274131775,
    "train_acc": 0.850965142250061,
    "train_prec": 0.7978723645210266,
    "train_recall": 0.739988386631012,
    "train_auc": 0.899662971496582,
    "val_loss": 0.36920851469039917,
    "val_acc": 0.8579633235931396,
    "val_prec": 0.8020110726356506,
    "val_recall": 0.7638705372810364,
    "val_auc": 0.9050604104995728
}